Pole d'activité;Sujets;;;
Hôtel;Experience client;;;
Hôtel;Ménage;;;
Hôtel;Maintenance;;;
Hôtel;Linge;;;
Hôtel;Check in/out;;;
Hôtel;Communication;;;
Hôtel;Commercialisation;;;
Hôtel;RH;;;
Hôtel;Signalétique;;;
Hôtel;Facturation & caisse;;;
Petit déjeuner ;Expérience client;;;
Petit déjeuner ;Propreté ;;;
Petit déjeuner ;Mise en place;;;
Petit déjeuner ;RH;;;
Petit déjeuner ;Maintenance;;;
Petit déjeuner ;Menu;;;
Petit déjeuner ;Stock;;;
Petit déjeuner ;Commercialisation;;;
Restaurant;Expérience client;;;
Restaurant;Propreté ;;;
Restaurant;Mise en place;;;
Restaurant;Service & accueil;;;
Restaurant;Maintenance;;;
Restaurant;Communication;;;
Restaurant;RH;;;
Restaurant;Menu;;;
Restaurant;Stock;;;
Restaurant;Commercialisation;;;
Restaurant;Admin;;;
Livraison (Uber Eats / Deliveroo);Emballages & présentation;;;
Livraison (Uber Eats / Deliveroo);Performance opérationnelle;;;
Livraison (Uber Eats / Deliveroo);Gestion tablette & plateforme;;;
Livraison (Uber Eats / Deliveroo);Stocks dédiés livraison;;;
Livraison (Uber Eats / Deliveroo);Gestion SAV;;;
Livraison (Uber Eats / Deliveroo);Commercialisation;;;
Commerce;Expérience client;;;
Commerce;Stock;;;
Commerce;Propreté;;;
Commerce;Sécurité;;;
Commerce;Maintenance;;;
Commerce;Signalétique;;;
Commerce;Prix;;;
Commerce;RH & planning;;;
Commerce;Caisse;;;
Commerce;Produit;;;
Commerce;Fournisseurs;;;
Commerce;Admin;;;
Coworking;Expérience utilisateur;;;
Coworking;Propreté;;;
Coworking;Maintenance;;;
Coworking;Connexion & IT;;;
Coworking;Ambiance;;;
Coworking;Commercialisation;;;
Coworking;Service;;;
Coworking;Communication & événements;;;
Coworking;Evenement;;;
Coworking;RH & planning;;;
Coworking;Facturation membres;;;
Coworking;Communication;;;
Salles de réunion;Expérience utilisateur;;;
Salles de réunion;Propreté;;;
Salles de réunion;Maintenance;;;
Salles de réunion;Connexion & IT;;;
Salles de réunion;Communication;;;
Salles de réunion;Commercialisation;;;
Salles de réunion;Service;;;
Salles de réunion;RH & planning;;;
Salles de réunion;Facturation ;;;
Salle de sport;Propreté;;;
Salle de sport;Maintenance ;;;
Salle de sport;Sécurité;;;
Salle de sport;Expérience membre;;;
Salle de sport;Signalétique;;;
Salle de sport;Planning cours;;;
Salle de sport;Commercialisation ;;;
Salle de sport;Communication;;;
Salle de sport;RH;;;
Loisirs;Expérience client;;;
Loisirs;Propreté;;;
Loisirs;Sécurité ;;;
Loisirs;Signalétique;;;
Loisirs;Evenements;;;
Loisirs;Commercialisation;;;
Loisirs;Maintenance;;;
Loisirs;Communication;;;
Loisirs;Evenement;;;
Loisirs;Sécurité;;;
Loisirs;RH;;;
Loisirs;Billetterie & caisse;;;
Loisirs;Préstataires;;;
SPA - Piscine;Propreté;;;
SPA - Piscine;Maintenance ;;;
SPA - Piscine;Sécurité;;;
SPA - Piscine;Expérience membre;;;
SPA - Piscine;Signalétique;;;
SPA - Piscine;Commercialisation ;;;
SPA - Piscine;Communication;;;
SPA - Piscine;RH;;;
Maintenance;CVC;;;
Maintenance;Électricité;;;
Maintenance;Plomberie & Eau;;;
Maintenance;Maintenance bâtiment & second œuvre;;;
Maintenance;Équipements d’exploitation;;;
Maintenance;Réseau & informatique;;;
Maintenance;Sécurité & conformité;;;
Maintenance;Logistique & consommables techniques;;;
Maintenance;Ouverture / fermeture technique;;;
Maintenance;Prestataires & sous-traitance;;;
Communication ;Réseaux sociaux;;;
Communication ;Image de marque;;;
Communication ;Acquisition & visibilité;;;
Communication ;Animation communauté;;;
Communication ;Communication commerciale;;;
Communication ;CRM & relation client;;;
Communication ;Contenu & production;;;
Communication ;E-réputation;;;
Communication ;Partenariats & influence;;;
Communication ;Site web & plateformes;;;
Communication ;Communication locale;;;
Communication ;Data & performance marketing;;;
RH ;Recrutement;;;
RH ;Planning ;;;
RH ;Formation ;;;
RH ;Culture & engagement;;;
RH ;Paie ;;;
RH ;Bien-être ;;;
RH ;Discipline & conflits;;;
RH ;Sécurité & conformité sociale;;;
RH ;Intérim & prestataires;;;
Événements & privatisations;Préparation & logistique;;;
Événements & privatisations;Expérience client;;;
Événements & privatisations;Communication;;;
Événements & privatisations;commercialisation;;;
Événements & privatisations;RH & planning;;;
Événements & privatisations;Facturation;;;